epoch,train_accuracy,val_accuracy,train_loss,val_loss

40,0.9100000023841858,0.1083333492279053,0.9100000500679016,0.1366449718475342  
